INSERT INTO `Producto` (`ID_PRODUCTO`, `Nombre`, `Precio_Compra`, `Precio_Venta`, `Código_de_Barras`, `Descripción`, `Marca`, `Cantidad`, `Cantidad_minima_aviso`, `Imagen`, `Activo`, `ID_IVA`, `ID_UNIDAD`, `ID_CATEGORIA`) VALUES
(1, 'Manzana Roja Premium', 15.50, 18.90, '123456789001', 'Manzana roja de calidad premium, ideal para snacks o postres.', 'Frutas del Sol', 76, 10, 'https://t4.ftcdn.net/jpg/04/78/96/49/240_F_478964938_3l80mjnkhnPGPMgVfgDnfrvZBS9x7Bjp.jpg', 1, 1, 5, 15),
(2, 'Agua Mineral Natural', 12.00, 14.50, '123456789002', 'Agua mineral sin gas, fresca y pura.', 'Cristaline', 10, 20, 'https://t3.ftcdn.net/jpg/07/33/30/84/240_F_733308459_eXSNoihFDkWdlqBaHBKSwH36JOnO3HNb.jpg', 1, 2, 8, 1),
(3, 'Galletas de Avena y Pasas', 8.50, 10.00, '123456789003', 'Galletas crujientes de avena y pasas, perfectas para una merienda saludable.', 'Otameal', 80, 15, 'https://t4.ftcdn.net/jpg/04/69/87/85/240_F_469878523_MQHZsmgedQwX8y01MDVVwaRt07yKacs6.jpg', 1, 3, 6, 2),
(4, 'Chocolate Amargo 70%', 30.00, 35.00, '123456789004', 'Chocolate amargo con un 70% de cacao puro.', 'Cuadratini', 50, 5, 'https://media.istockphoto.com/id/537870976/es/foto/oblea-cookies-loacker.jpg?s=612x612&w=0&k=20&c=LgwXAp6hhwADbUb6OoX56qMX5NYFJV7CAB2jij73qIw=', 1, 3, 16, 3),
(5, 'Leche Descremada', 20.00, 25.00, '123456789005', 'Leche descremada pasteurizada, ideal para dietas bajas en grasa.', 'MILK', 120, 20, 'https://media.istockphoto.com/id/517416636/es/foto/cart%C3%B3n-de-leche-con-dise%C3%B1o-exclusivo.jpg?s=2048x2048&w=is&k=20&c=8pqzy0zddSDdFGZDgTFmyA33xYWj6pRV4tu2xqZKEhc=', 1, 3, 2, 4),
(6, 'Pan Integral de Centeno', 18.00, 21.00, '123456789006', 'Pan integral elaborado con centeno, rico en fibra.', '', 92, 10, 'https://cdn.pixabay.com/photo/2017/09/09/12/11/bread-basket-2731824_640.jpg', 1, 3, 5, 24),
(7, 'Cerveza Artesanal Rubia', 50.00, 65.00, '123456789007', 'Cerveza artesanal rubia de sabor suave.', 'Segfield Craft brewery', 152, 20, 'https://cdn.pixabay.com/photo/2017/01/21/21/15/beer-1998293_1280.jpg', 1, 2, 8, 19),
(8, 'Yogur Natural sin Azúcar', 22.00, 28.00, '123456789008', 'Yogur natural sin azúcar, rico en probióticos.', 'Conaprole', 90, 15, 'https://www.conaprole.uy/wp-content/uploads/2018/03/ynat-300x300.png', 1, 3, 2, 4),
(9, 'Té Verde Orgánico', 10.50, 13.00, '123456789009', 'Té verde orgánico en sobre, antioxidante y energizante.', 'Green Tea', 15, 4, 'https://http2.mlstatic.com/D_Q_NP_864038-MLM52559886335_112022-O.webp', 1, 3, 16, 15),
(10, 'Coca Light 3lts', 12.00, 14.50, '123456789010', 'Soda baja en calorías, refrescante y sin azúcar.', 'CocaCola', 177, 25, 'https://devotouy.vtexassets.com/arquivos/ids/1516522-800-450?v=638619355883700000&width=800&height=450&aspect=true', 1, 2, 8, 1),
(11, 'Papas Fritas Clásicas', 22.00, 27.50, '123456789011', 'Papas fritas clásicas, crujientes y saladas.', 'Lays', 100, 20, 'https://ventasdelacosta.uy/wp-content/uploads/2020/11/34.jpg', 1, 3, 6, 2),
(12, 'Hamburguesa Clásica', 45.00, 55.00, '123456789012', 'Hamburguesa de carne con queso y vegetales.', 'Shnek', 50, 5, 'https://f.fcdn.app/imgs/b42e99/tienda.schneck.com.uy/snekuy/c648/original/catalogo/Ham80001/460x460/hamburguesa-clasica-schneck-x-2-unidades.jpg', 1, 3, 5, 13),
(13, 'Jugo de Naranja Natural', 18.50, 22.00, '123456789013', 'Jugo de naranja natural, sin conservantes.', 'conaprole', 39, 3, 'https://www.conaprole.uy/wp-content/uploads/2018/03/jugo_naranja-1.png', 1, 2, 5, 1),
(14, 'Bolígrafo Azul', 5.00, 7.50, '123456789014', 'Bolígrafo azul de tinta líquida, ideal para escritura suave.', 'EscribeYa', 300, 50, 'https://www.mosca.com.uy/media/catalog/product/5/4/54327.jpg?optimize=medium&bg-color=255,255,255&fit=bounds&height=700&width=700&canvas=700:700', 1, 3, 5, 10),
(15, 'Shampoo Hidratante', 40.00, 48.00, '123456789015', 'Shampoo hidratante para todo tipo de cabellos.', 'Dove', 59, 10, 'https://f.fcdn.app/imgs/cb0414/eltunel.com.uy/tuneuy/ebf3/original/catalogo/02655043-02655043_1/1920-1200/shampoo-dove-hidratacion-intensa-400-ml-shampoo-dove-hidratacion-intensa-400-ml.jpg', 1, 2, 8, 21),
(16, 'Galletitas Lulu', 15.00, 19.00, '123456789016', 'Galletas de chocolate con trozos de cacao.', 'Lulu', 100, 15, 'https://tatauy.vtexassets.com/arquivos/ids/371931/Galletas-Rellenas-Lul-Chocolate-115-G-1-7624.jpg?v=637897054606430000', 1, 3, 6, 2),
(17, 'Café Molido 500gs', 50.00, 65.00, '123456789017', 'Café molido de gran calidad, sabor intenso.', 'Aguila', 40, 5, 'https://discouy.vtexassets.com/arquivos/ids/1772854/Cafe-molido-AGUILA-extra-azul-500-g-0.jpg?v=638507821309400000', 1, 3, 5, 23),
(18, 'Queso Gouda', 35.00, 42.00, '123456789018', 'Queso Gouda suave, ideal para snacks y sándwiches.', 'Conaprole', 80, 10, 'https://www.lacasadelqueso.com.uy/imgs/productos/productos37_3882.png', 1, 3, 5, 4),
(19, 'Gaseosa de Limón 2.25', 18.00, 21.50, '123456789019', 'Gaseosa de limón, refrescante y ligera.', 'Crush', 20, 15, 'https://discouy.vtexassets.com/arquivos/ids/1837204/Refresco-CRUSH-limon-225-L-0.jpg?v=638619335617430000', 1, 2, 8, 1),
(20, 'Helado bombón', 35.00, 42.00, '123456789020', 'Helado de bombón, suave y cremoso.', 'Crufi', 60, 10, 'https://crufi.com.uy/files/tmp/compressed/normal/9ioxs32um9rgchwdvss1.png', 1, 3, 5, 7),
(21, 'Salsa de Tomate', 22.00, 27.00, '123456789022', 'Salsa de tomate natural, ideal para pastas y pizzas.', 'Don Perita', 90, 10, 'https://pontevedra.com.uy/imagenes/productos/salsa-condimentada-don-perita-1020g.png', 1, 3, 5, 23),
(22, 'Chicles de Menta', 5.00, 6.50, '123456789023', 'Chicles refrescantes con sabor a menta.', 'Beldent', 0, 3, 'https://prod-resize.tiendainglesa.com.uy/images/medium/P001205-2.jpg?20211107000119,Chicle-de-Menta-BELDENT-10-gr-en-Tienda-Inglesa', 1, 3, 6, 3),
(23, 'Jugo de Manzana Orgánico', 16.00, 19.00, '123456789024', 'Jugo de manzana orgánico sin azúcar añadida.', 'Conaprole', 29, 5, 'https://www.conaprole.uy/wp-content/uploads/2018/03/jugo_manzana.png', 1, 2, 8, 1),
(24, 'Bolsa de Caramelos', 12.00, 15.00, '123456789027', 'Bolsa surtida de caramelos de diferentes sabores.', 'Arcor', 150, 20, 'https://deliganga.com.uy/wp-content/uploads/2024/06/caramelosrellenosfrutalesarcor-300x300.jpg', 1, 3, 6, 3),
(25, 'Detergente Líquido', 40.00, 50.00, '123456789028', 'Detergente líquido concentrado para limpieza.', 'Prix', 60, 10, 'https://devotouy.vtexassets.com/arquivos/ids/1509620/Detergente-liquido-PRIX-aloe-500-ml-1.jpg?v=638619307003600000', 1, 3, 8, 18),
(26, 'Alimento para Gatos', 55.00, 70.00, '123456789029', 'Alimento seco para gatos con sabor a pollo.', 'whiskas', 100, 15, 'https://tatauy.vtexassets.com/arquivos/ids/601082/Alimento-Para-Gatos-Pescado-Whiskas-1-Kg-1-366.jpg?v=638208094249670000', 1, 3, 6, 17),
(27, 'Vino Tinto Reserva', 120.00, 150.00, '123456789030', 'Vino tinto reserva de alta calidad.', 'Toscanini', 4, 2, 'https://devotouy.vtexassets.com/arquivos/ids/1506373/Vino-tinto-malbec-tannat-reserva-TOSCANINI-750-ml-0.jpg?v=638619291328470000', 1, 2, 8, 19),
(28, 'Papel Higiénico Triple Hoja', 35.00, 40.00, '123456789033', 'Papel higiénico suave y resistente de triple hoja.', 'Elite', 20, 15, 'https://f.fcdn.app/imgs/faf2eb/eltunel.com.uy/tuneuy/8d69/original/catalogo/81002604-81002604_1/800x800/papel-higienico-elite-premium-triple-hoja-4-uds-30-mts-papel-higienico-elite-premium-triple-hoja-4-uds-30-mts.jpg', 1, 3, 12, 18),
(29, 'Botella de Whisky', 200.00, 250.00, '123456789040', 'Whisky premium añejado.', 'johnnie walker', 32, 5, 'https://cachi.uy/wp-content/uploads/Whisky_Johnnie_Walker_Red_Label_1lt__1.jpg', 1, 2, 8, 19),
(30, 'Alfajor chocolate', 35.00, 45.00, '123456789051', 'Alfajor de chocolate relleno de dulce de leche.', 'portezuelo', 0, 10, 'https://discouy.vtexassets.com/arquivos/ids/1855711/Alfajor-PORTEZUELO-chocolate-0.jpg?v=638620012189300000', 1, 3, 2, 2),
(31, 'Champú para Cabello Seco', 35.00, 42.00, '123456789056', 'Champú hidratante para cabello seco.', 'Herbal Essences', 0, 8, 'https://vader-prod.s3.amazonaws.com/1679077071-41hWfuXiB5L._SL500_.jpg', 1, 3, 9, 21),
(32, 'Chupetón', 3.00, 5.00, '123456789061', 'Golosina Comestible', 'pops', 3, 10, 'https://tatauy.vtexassets.com/arquivos/ids/156458/CHUPETIN-SURTIDO-MISTER-POP-S-1-333.jpg?v=636803919865800000', 1, 3, 5, 3),
(33, 'Monster Energy', 20.00, 25.00, '123456789070', 'Bebida enegetica.', 'Moster', 6, 15, 'https://tatauy.vtexassets.com/arquivos/ids/215646/Energizante-Monster-Original-Lata-473Ml-2-2903.jpg?v=637647670964270000', 1, 2, 5, 16),
(34, 'Papas Fritas 85g', 25.00, 30.00, '123456789071', 'Papas fritas sabor Original.', 'Ruffles', 5, 20, 'https://devotouy.vtexassets.com/arquivos/ids/1511685/Papas-fritas-RUFFLES-85-g-0.jpg?v=638619338874570000', 1, 2, 5, 2),
(35, 'Alfajores de Maicena', 32.00, 40.00, '123456789072', 'Alfajores de maicena caseros', '', 5, 15, 'https://www.ohmargott.com/content/uploads/2020/05/DSC00628-01-e1588557286234.jpeg', 1, 3, 5, 6),
(36, 'Salsa Barbacoa', 30.00, 38.00, '123456789080', 'Salsa barbacoa estilo americano.', 'Heinz', 3, 10, 'https://prod-resize.tiendainglesa.com.uy/images/medium/P448431-1.jpg?20230410180020,Salsa-Barbacoa-HEINZ-606-gr-en-Tienda-Inglesa', 1, 3, 5, 23);



INSERT INTO `Proveedor` (`Razón_Social`, `RUT`, `Contacto`) 
VALUES
('Distribuidora Alimentos Sur', '123456780012', 'contacto@alimentosur.com'),
('Frutas del Valle', '123456780013', '+59891234567'),
('Lácteos La Frescura', '123456780014', 'info@lafrescura.com'),
('Aguas Naturales', '123456780015', '+59893456789'),
('Bebidas del Sol', '123456780016', 'ventas@bebidasdelsol.com'),
('Panadería El Trigal', '123456780017', '+59891123456'),
('Snacks Crocantes', '123456780018', 'info@snackscrocantes.com'),
('Dulces y Confites', '123456780019', '+59894321234'),
('Helados Cremosos', '123456780020', 'cremosos@helados.com'),
('Quesos Gourmet', '123456780021', '+59892123456'),
('Frescos del Campo', '123456780022', 'frescos@delcampo.com'),
('Distribuidora Orgánica', '123456780023', '+59891456789'),
('Productos Saludables', '123456780024', 'ventas@productos-saludables.com'),
('Carnes del Sur', '123456780025', '+59892345678'),
('Bebidas Espumosas', '123456780026', 'espumosas@bebidas.com'),
('Lácteos Natural', '123456780027', '+59891345678'),
('Confitería Dulce Vida', '123456780028', 'dulcevida@confiteria.com'),
('Pan Integral La Vida', '123456780029', '+59894561234'),
('Cereales NutriLife', '123456780030', 'contacto@nutrilife.com'),
('Productos Congelados FríoMax', '123456780031', '+59891451234'),
('LimpiezaMax', '123456780032', 'info@limpiezamax.com'),
('Comercial AgroBio', '123456780033', '+59894512345'),
('Distribuidora La Tablita', '123456780034', 'latablita@distribuidora.com'),
('Jabones Naturales Pureza', '123456780035', '+59891321234'),
('Quesos La Tradición', '123456780036', 'ventas@quesoslatradicion.com'),
('Pescados Frescos del Mar', '123456780037', '+59893451234'),
('Distribuidora Vegetales Bio', '123456780038', 'bio@vegetales.com'),
('Miel Pura Dulzura', '123456780039', '+59894456789'),
('Embutidos El Sabroso', '123456780040', 'info@elsabroso.com'),
('Bebidas Delicia', '123456780041', '+59893561234'),
('Productos Naturales Vital', '123456780042', 'contacto@vitalnaturales.com'),
('Frutas y Verduras El Huerto', '123456780043', '+59891239876'),
('Conservas Delicias', '123456780044', 'delicias@conservas.com'),
('Aromas y Especias', '123456780045', '+59892348912'),
('Baterías Energix', '123456780046', 'info@energix.com'),
('Lácteos La Estrella', '123456780047', '+59894321098'),
('Productos de Belleza BellezaPlus', '123456780048', 'bellezaplus@productos.com'),
('Carnes Gourmet', '123456780049', '+59891431234'),
('Distribuidora de Pastas Italia', '123456780050', 'contacto@pastasitalia.com'),
('Bebidas Naturales Frescor', '123456780051', '+59892113456'),
('Fábrica de Quesos El Campo', '123456780052', 'info@elcampo.com'),
('Helados La Delicia', '123456780053', '+59893345123'),
('Frutas del Norte', '123456780054', 'ventas@frutasdelnorte.com'),
('Sándwiches Express', '123456780055', '+59891239876'),
('Productos para Mascotas PetCare', '123456780056', 'contacto@petcare.com'),
('Granos Saludables', '123456780057', '+59893451234'),
('Aceites del Sur', '123456780058', 'aceitesdelsur@productos.com'),
('Distribuidora de Hierbas Naturales', '123456780059', '+59894321234'),
('Panadería Artesanal', '123456780060', 'info@panartesanal.com');

INSERT INTO `Cliente` (`Cédula`, `Nombre`, `Fecha_de_Nacimiento`, `Contacto`)
VALUES
('41234567', 'Juan Pérez', '1985-03-15', 'juan.perez@mail.com'),
('59876543', 'María Rodríguez', '1990-07-23', '+59891234567'),
('43456789', 'Carlos García', '1982-01-12', 'carlos.garcia@mail.com'),
('47654321', 'Ana Fernández', '1978-09-09', '+59891122334'),
('58765432', 'Lucía González', '1995-06-18', 'lucia.gonzalez@mail.com'),
('42345678', 'Martín López', '1987-11-02', '+59894456789'),
('55432164', 'Verónica Méndez', '1991-04-25', 'veronica.mendez@mail.com'),
('41238765', 'Diego Castro', '1983-10-13', '+59893451234'),
('56547890', 'Laura Silva', '1989-08-30', 'laura.silva@mail.com'),
('49873210', 'José Suárez', '1980-02-20', '+59892345123'),
('41112345', 'Sofía Acosta', '1992-12-01', 'sofia.acosta@mail.com'),
('46754329', 'Ricardo Pereira', '1984-05-22', '+59891239876'),
('53458761', 'Valentina Vargas', '1996-03-17', 'valentina.vargas@mail.com'),
('45432194', 'Pablo Martínez', '1979-04-11', '+59894321098'),
('49123457', 'Gustavo Torres', '1988-07-19', 'gustavo.torres@mail.com'),
('54321098', 'Camila Rivas', '1994-10-21', '+59892236789'),
('47896543', 'Andrés Vázquez', '1986-09-14', 'andres.vazquez@mail.com'),
('42341231', 'Clara Díaz', '1993-02-08', '+59893344512'),
('46547890', 'Hernán Morales', '1981-06-25', 'hernan.morales@mail.com'),
('50987654', 'Gabriela León', '1997-11-12', '+59891238765'),
('48765432', 'Ignacio Medina', '1985-08-03', 'ignacio.medina@mail.com'),
('51239876', 'Patricia Ortiz', '1989-01-22', '+59894451234'),
('43210987', 'Esteban Rivero', '1990-05-10', 'esteban.rivero@mail.com'),
('49876540', 'Paula Méndez', '1987-12-17', '+59891123456'),
('44321098', 'Manuel Ruiz', '1978-03-14', 'manuel.ruiz@mail.com'),
('45678910', 'Daniela Reyes', '1991-06-09', '+59892346789'),
('56785431', 'Javier Cordero', '1983-02-28', 'javier.cordero@mail.com'),
('48763210', 'Felipe Sosa', '1995-09-30', '+59891237654'),
('54328761', 'Andrea Flores', '1992-11-03', 'andrea.flores@mail.com'),
('41239876', 'Tomás Durán', '1984-07-22', '+59891145678'),
('56789012', 'Carolina Ortega', '1993-08-12', 'carolina.ortega@mail.com'),
('49987654', 'Matías Méndez', '1987-09-25', '+59893456789'),
('42234567', 'Rodrigo Silva', '1990-02-17', 'rodrigo.silva@mail.com'),
('47654320', 'Adriana López', '1985-04-30', 'adriana.lopez@mail.com'),
('51123458', 'Emilia Núñez', '1991-10-05', '+59891123487'),
('49987641', 'Sebastián Domínguez', '1988-06-29', 'sebastian.dominguez@mail.com'),
('41236754', 'Mauro Gutiérrez', '1992-01-15', '+59892347865'),
('46543210', 'Nicolás Guerra', '1984-05-08', 'nicolas.guerra@mail.com'),
('51123465', 'Milagros Acosta', '1996-11-20', '+59891198765'),
('48765421', 'Agustina Ramos', '1995-03-03', 'agustina.ramos@mail.com'),
('41239865', 'Federico Aguirre', '1987-12-28', '+59892346712'),
('50987621', 'Pilar Escobar', '1994-09-14', 'pilar.escobar@mail.com'),
('54321067', 'Matías Martínez', '1989-07-07', '+59891245678'),
('47896542', 'Valeria Fernández', '1983-08-21', 'valeria.fernandez@mail.com'),
('49873211', 'Lucía Rojas', '1986-11-13', 'lucia.rojas@mail.com'),
('54321099', 'Enzo Ortiz', '1992-10-09', '+59894456781'),
('51123479', 'Victoria Peña', '1995-01-05', 'victoria.pena@mail.com'),
('57085863','Juan Leites','2007-02-28','098957986'),
('31231411','Lautaro Vaz Tourem','2006-06-22','098866899'),
('56752611','Juan Leites','2005-10-02','092211720');

INSERT INTO `Cliente` (`Cédula`, `Nombre`, `Fecha_de_Nacimiento`, `Contacto`, `RUT`)
VALUES
('41230985', 'Manuel Gómez', '1995-07-18', 'manuel.gomez@email.com', 414111141),
('56543214', 'Alejandra Delgado', '1990-09-22', 'alejandra.delgado@email.com', 515151234),
('56789016', 'Paola Castro', '1993-04-25', 'paola.castro@email.com', 1111111111),
('25432104', 'Isabel Martínez', '1983-08-07', 'isabel.martinez@email.com', 1231131311);


INSERT INTO `Usuario` (`Usuario`, `Contraseña`, `Nombre`, `Correo`, `Foto_Perfil`, `Fecha_Nacimiento`, `Color_Fondo`, `Color_Principal`, `Color_Secundario`, `Tipo_Usuario`) VALUES
('colorazul', '$2y$10$X64oU4VchYUMH26FbqMGFuyXqFVL77DWwq.b1Za3UNH1VRIOLzpeK', 'Usuario con Color Azul', 'usuarioazul@gmail.com', 'images (1).jpeg', '2007-10-17', '#003e8f', '#54b7e8', '#ffffff', 'funcionario'),
('colorrosa', '$2y$10$ZjQGEEa64SzzaQpU1YbRgeud1wu2Jv/A7AaIL3vnw4tFAfWZb3kmu', 'Usuario con color rosa', 'colorrosa@gmail.com', 'images.jpeg', '2016-10-17', '#ea99d1', '#a30057', '#75005c', 'funcionario');


INSERT INTO `Venta` (`ID_VENTA`, `Precio_Final`, `Sub_Total`, `Fecha_Venta`, `ID_CLIENTE`) VALUES
(1, 811.98, 672.90, '2024-10-16', 50),
(2, 750.27, 625.20, '2024-10-15', 38);

INSERT INTO `Cobro` (`ID_COBRO`, `Monto`, `Fecha_Cobro`, `ID_CLIENTE`, `ID_VENTA`, `Usuario`) VALUES
(1, 820.00, '2024-10-16', 50, 1, 'usuarioadmin'),
(2, 700.00, '2024-10-15', 38, 2, 'JuanLeites');

INSERT INTO `Productos_Vendidos` (`ID_VENTA`, `ID_PRODUCTO`, `Cantidad_de_Venta`, `Precio_de_Venta`, `Iva_de_Venta`) VALUES
(1, 1, 1, 18.90, 0.00),
(1, 2, 10, 14.50, 22.00),
(1, 7, 2, 65.00, 22.00),
(1, 10, 2, 14.50, 22.00),
(1, 29, 1, 250.00, 22.00),
(1, 35, 1, 40.00, 10.00),
(1, 34, 2, 30.00, 22.00),
(2, 1, 3, 18.90, 0.00),
(2, 7, 1, 65.00, 22.00),
(2, 10, 1, 14.50, 22.00),
(2, 13, 1, 22.00, 22.00),
(2, 15, 1, 48.00, 22.00),
(2, 23, 1, 19.00, 22.00),
(2, 27, 1, 150.00, 22.00),
(2, 29, 1, 250.00, 22.00);

INSERT INTO `Compra` (`ID_COMPRA`, `Precio_Final`, `Sub_Total`, `Fecha_Compra`, `Vencimiento_Factura`, `ID_PROVEEDOR`) VALUES
(1, 435.60, 396.00, '2024-10-16', '2024-10-23', 6),
(2, 775.00, 775.00, '2024-10-16', NULL, 43),
(3, 1573.80, 1290.00, '2024-10-16', '2024-10-31', 30);

INSERT INTO `Pago` (`ID_PAGO`, `Fecha_Pago`, `Monto`, `ID_PROVEEDOR`, `ID_COMPRA`, `Usuario`) VALUES
(1, '2024-10-16', 436.00, 6, 1, 'colorazul'),
(2, '2024-10-16', 780.00, 43, 2, 'colorazul'),
(3, '2024-10-16', 80.00, 30, 3, 'colorazul'),
(4, '2024-10-16', 300.00, 15, NULL, 'usuarioadmin');


INSERT INTO `Productos_Comprados` (`ID_COMPRA`, `ID_PRODUCTO`, `Cantidad_de_Compra`, `Precio_de_Compra`, `Iva_de_Compra`) VALUES
(1, 6, 22, 18.00, 10.00),
(2, 1, 50, 15.50, 0.00),
(3, 7, 5, 50.00, 22.00),
(3, 27, 2, 120.00, 22.00),
(3, 29, 4, 200.00, 22.00);

INSERT INTO `S  orteo` (`ID_SORTEO`, `Premio`, `Cantidad`, `Activo`, `Fecha_realización`) VALUES
(1, 'Canasta Familiar, Fardo de Cocacola. ', 2, 1, NULL),
(2, "Televisor 32'", 1, 1, NULL),
(3, 'Tablet', 1, 1, NULL),
(4,'500 pesos en compras en la empresa', 3, 1, NULL);
